"Status","Start Time","Stop Time","Duration in ms","Parent Suite","Suite","Sub Suite","Test Class","Test Method","Name","Description"
"passed","Tue Nov 05 11:08:59 UTC 2024","Tue Nov 05 11:08:59 UTC 2024","0","tests","test_example2","","","","test_4",""
"passed","Tue Nov 05 11:08:59 UTC 2024","Tue Nov 05 11:08:59 UTC 2024","0","tests","test_example2","","","","test_3",""
"passed","Tue Nov 05 11:08:59 UTC 2024","Tue Nov 05 11:08:59 UTC 2024","0","tests","test_example","","","","test_two",""
"passed","Tue Nov 05 11:08:59 UTC 2024","Tue Nov 05 11:08:59 UTC 2024","0","tests","test_example","","","","test_one",""
"passed","Tue Nov 05 11:08:59 UTC 2024","Tue Nov 05 11:08:59 UTC 2024","0","tests","test_example2","","","","test_1",""
"passed","Tue Nov 05 11:08:59 UTC 2024","Tue Nov 05 11:08:59 UTC 2024","0","tests","test_example","","","","test_four",""
"passed","Tue Nov 05 11:08:59 UTC 2024","Tue Nov 05 11:08:59 UTC 2024","0","tests","test_example","","","","test_five",""
"passed","Tue Nov 05 11:08:59 UTC 2024","Tue Nov 05 11:08:59 UTC 2024","0","tests","test_example2","","","","test_2",""
"passed","Tue Nov 05 11:08:59 UTC 2024","Tue Nov 05 11:08:59 UTC 2024","0","tests","test_example","","","","test_three",""
